Name,length (m),DIPOLE: Bending angle [rad],DIPOLE: Field (T),QUADRUPOLE: Gradient (T/m),QUADRUPOLE: K1L,Twiss s [m],start s [m],start X (m),start Theta [rad],start Z (m),Z end (m),dX [m],dY [m],dX/dS,dY/dS,beta X [m],beta Y [m],eta X [m],eta prime X,alpha X,alpha Y,Aperture Type,Aperture 1 [m],Aperture 2 [m],Aperture 3 [m],Aperture 4 [m]
CELL_U$START,0,,,,,0,0,0,0,0,0,,,,,,,,,,,,,,,
CELL_U$START,0,,,,,0,0,0,0,0,0,-1.100228408E-08,0,1.813843357E-18,0,48.65322865,128.6544141,0.3478174234,8.239936511E-18,4.273803492E-16,3.296293773E-15,,,,,
QD1AM,0.93,,,2.083153067,-0.01273711051,0.93,0,0,0,0,0.93,-1.100228408E-08,0,1.813843357E-18,0,48.65322865,128.6544141,0.3478174234,8.239936511E-18,4.273803492E-16,3.296293773E-15,FCC_60mm,,,,
DR_01,0.15,,,,,1.08,0.93,0,0,0.93,1.08,-1.106751228E-08,0,-1.404141367E-10,0,49.24967743,127.1431407,0.3498794956,0.004438940452,-0.6438731209,1.618603682,,,,,
DL1A0_0,9.500003037,0.0008713073363,0.01395021307,,,10.58000304,1.08,0,0,1.08,10.58000183,-1.10885744E-08,0,-1.404141367E-10,0,49.44348562,126.6582002,0.3505453367,0.004438940452,-0.6481814921,1.61433305,,,,,
DS_DL1A0_0,0.17,,,,,10.75000304,10.58000304,-0.004138710909,0.0008713073363,10.58000183,10.75000177,-1.255342613E-08,0,-1.679756405E-10,0,64.35114066,98.55527703,0.3968539915,0.005310247843,-0.9210450509,1.343867318,,,,,
DL1A1_0,9.500003037,0.0008713073363,0.01395021307,,,20.25000607,10.75000304,-0.004286833137,0.0008713073363,10.75000177,20.24999639,-1.258198199E-08,0,-1.679756405E-10,0,64.66512606,98.09918495,0.3977567337,0.005310247843,-0.9259278716,1.339027227,,,,,
DS_DL1A1_0,0.17,,,,,20.42000607,20.25000608,-0.01670296272,0.001742614673,20.24999639,20.41999613,-1.430866805E-08,0,-1.955371443E-10,0,84.84996332,75.22711514,0.4523428106,0.006181555235,-1.19879143,1.068557386,,,,,
DL1A2_0,9.500003037,0.0008713073363,0.01395021307,,,29.92000911,20.42000608,-0.01699920706,0.001742614673,20.41999613,29.91997633,-1.434190936E-08,0,-1.955371443E-10,0,85.25838249,74.86462845,0.453393675,0.006181555235,-1.203674251,1.063717262,,,,,
DR_01_0,0.15,,,,,30.07000911,29.92000912,-0.0376927459,0.002613922009,29.91997633,30.06997582,-1.633042976E-08,0,-2.23098648E-10,0,110.720402,57.22348266,0.516257174,0.007052862626,-1.47653781,0.793244154,,,,,
SF2A,0.3,,,,,30.37000911,30.07000912,-0.03808483375,0.002613922009,30.06997582,30.3699748,-1.636389456E-08,0,-2.23098648E-10,0,111.1640096,56.98615002,0.5173151034,0.007052862626,-1.480846181,0.7889734345,,,,,
DR_01_1,0.15,,,,,30.52000911,30.37000912,-0.03886900946,0.002613922009,30.3699748,30.51997429,-1.643082415E-08,0,-2.230986569E-10,0,112.0551024,56.51532837,0.5194309623,0.007052863186,-1.489463044,0.7804320566,,,,,
QF2A,2.89,,,-1.409914541,0.0267890565,33.41000911,30.52000912,-0.03926109731,0.002613922009,30.51997429,33.40996442,-1.646428895E-08,0,-2.230986569E-10,0,112.5025875,56.28183936,0.5204888919,0.007052863186,-1.493771416,0.7761613368,,,,,
DR_01_2,0.15,,,,,33.56000911,33.41000912,-0.04681532331,0.002613922009,33.40996442,33.55996391,-1.646752229E-08,0,2.208755092E-10,0,112.444047,56.27544019,0.5205911088,-0.006982581809,1.513502175,-0.7738902405,,,,,
DL1A0_1,9.500003037,0.0008713073363,0.01395021307,,,43.06001215,33.56000912,-0.04720741116,0.002613922009,33.55996391,43.05992247,-1.643439096E-08,0,2.208755092E-10,0,111.9906548,56.50824654,0.5195437215,-0.006982581809,1.509112407,-0.7781520626,,,,,
DS_DL1A0_1,0.17,,,,,43.23001215,43.06001216,-0.07617834353,0.003485229345,43.05992247,43.22992144,-1.446699038E-08,0,1.933140054E-10,0,85.95869193,73.85728989,0.4573478904,-0.006111274418,1.231093687,-1.04806175,,,,,
DL1A1_1,9.500003037,0.0008713073363,0.01395021307,,,52.73001519,43.23001216,-0.07677083132,0.003485229345,43.22992144,52.72985115,-1.4434127E-08,0,1.933140054E-10,0,85.54096583,74.21445199,0.4563089737,-0.006111274418,1.226118616,-1.05289179,,,,,
DS_DL1A1_1,0.17,,,,,52.90001519,52.7300152,-0.1140191352,0.004356536681,52.72985115,52.89984954,-1.272856077E-08,0,1.657525017E-10,0,64.88588597,96.78352324,0.4023905647,-0.005239967026,0.9480998969,-1.322798259,,,,,
DL1A2_1,9.500003037,0.0008713073363,0.01395021307,,,62.40001822,52.9000152,-0.1147597441,0.004356536681,52.89984954,62.39974319,-1.270038284E-08,0,1.657525017E-10,0,64.56437776,97.23409575,0.4014997703,-0.005239967026,0.9431248261,-1.327628267,,,,,
DR_01_3,0.15,,,,,62.55001822,62.40001824,-0.1602853913,0.005227844017,62.39974319,62.54974114,-1.125665094E-08,0,1.381909979E-10,0,49.28618095,125.0231251,0.3558587834,-0.004368659635,0.6651061067,-1.597530675,,,,,
DR_01_4,0.15,,,,,62.70001822,62.55001824,-0.1610695643,0.005227844017,62.54974114,62.69973909,-1.123592229E-08,0,1.381909979E-10,0,49.08730759,125.5030236,0.3552034845,-0.004368659635,0.6607163383,-1.601792412,,,,,
SD1A,0.52,,,,,63.22001822,62.70001824,-0.1618537373,0.005227844017,62.69973909,63.21973198,-1.121519364E-08,0,1.381909979E-10,0,48.88975115,125.9842006,0.3545481855,-0.004368659635,0.6563265699,-1.606054149,,,,,
DR_01_5,0.15,,,,,63.37001822,63.22001824,-0.1645722038,0.005227844017,63.21973198,63.36972993,-1.114333432E-08,0,1.381910063E-10,0,48.21508477,127.6621795,0.3522764823,-0.004368660162,0.6411087781,-1.62082836,,,,,
QD1A,1.86,,,2.083153068,-0.02547422103,65.23001822,63.37001824,-0.1653563768,0.005227844017,63.36972993,65.22970451,-1.112260567E-08,0,1.381910063E-10,0,48.0234106,128.1490673,0.3516211832,-0.004368660162,0.6367190094,-1.625090097,,,,,
DR_01_6,0.15,,,,,65.38001822,65.23001824,-0.1750801224,0.005227844017,65.22970451,65.37970246,-1.112808381E-08,0,-1.441047179E-10,0,47.99375322,128.1253249,0.3517943649,0.00455561168,-0.6205231382,1.637652535,,,,,
DL1A0_2,9.500003037,0.0008713073363,0.01395021307,,,74.88002126,65.38001824,-0.1758642954,0.005227844017,65.37970246,74.87955284,-1.114969951E-08,0,-1.441047179E-10,0,48.18055948,127.6346758,0.3524777066,0.00455561168,-0.6248519796,1.633342022,,,,,
DS_DL1A0_2,0.17,,,,,75.05002126,74.88002128,-0.2296672513,0.006099151353,74.87955284,75.04954968,-1.264961177E-08,0,-1.716662217E-10,0,62.65726996,99.19457592,0.3998947384,0.005426919071,-0.8990119864,1.360350604,,,,,
DL1A1_2,9.500003037,0.0008713073363,0.01395021307,,,84.5500243,75.05002128,-0.2307041006,0.006099151353,75.04954968,84.54934957,-1.267879502E-08,0,-1.716662217E-10,0,62.96376806,98.73288722,0.4008173146,0.005426919071,-0.9039180066,1.355465315,,,,,
DS_DL1A1_2,0.17,,,,,84.7200243,84.55002432,-0.2927843243,0.006970458689,84.54934957,84.71934544,-1.444054161E-08,0,-1.992277254E-10,0,82.74273407,75.57248803,0.4565117685,0.006298226463,-1.178078013,1.082469737,,,,,
DL1A2_2,9.500003037,0.0008713073363,0.01395021307,,,94.22002734,84.72002432,-0.2939692927,0.006970458689,84.71934544,94.21908764,-1.447441033E-08,0,-1.992277254E-10,0,83.14411462,75.20527882,0.457582467,0.006298226463,-1.182984034,1.077584415,,,,,
DR_01_7,0.15,,,,,94.37002734,94.22002736,-0.3643267372,0.007841766025,94.21908764,94.36908303,-1.649799125E-08,0,-2.267892292E-10,0,108.2253362,57.32465187,0.5215543429,0.007169533854,-1.457144041,0.8045855271,,,,,
SF1A,0.3,,,,,94.67002734,94.37002736,-0.36550299,0.007841766025,94.36908303,94.66907381,-1.653200964E-08,0,-2.267892292E-10,0,108.6631287,57.0839228,0.522629773,0.007169533854,-1.461472882,0.8002749265,,,,,
DR_01_8,0.15,,,,,94.82002734,94.67002736,-0.3678554957,0.007841766025,94.66907381,94.8190692,-1.660004641E-08,0,-2.267892417E-10,0,109.5426098,56.60634418,0.5247806333,0.007169534646,-1.47013073,0.7916538109,,,,,
QF2A_0,2.89,,,-1.409914541,0.0267890565,97.71002734,94.82002736,-0.3690317485,0.007841766025,94.8190692,97.70898034,-1.663406479E-08,0,-2.267892417E-10,0,109.9842983,56.36949463,0.5258560636,0.007169534646,-1.474459572,0.7873432099,,,,,
DR_01_9,0.15,,,,,97.86002734,97.71002736,-0.39169422,0.007841766025,97.70898034,97.85897573,-1.664129706E-08,0,2.218165433E-10,0,110.0109058,56.30431811,0.5260846998,-0.007012331026,1.465491657,-0.7642117594,,,,,
DL1A0_3,9.500003037,0.0008713073363,0.01395021307,,,107.3600304,97.86002736,-0.3928704728,0.007841766025,97.85897573,107.358653,-1.660802458E-08,0,2.218165433E-10,0,109.5719021,56.53421464,0.5250328501,-0.007012331026,1.461199811,-0.7684317367,,,,,
DS_DL1A0_3,0.17,,,,,107.5300304,107.3600304,-0.4715050846,0.008713073361,107.358653,107.5286465,-1.463168418E-08,0,1.942550395E-10,0,84.39136203,73.67339512,0.4625544014,-0.006141023634,1.189382843,-1.035691262,,,,,
DL1A1_3,9.500003037,0.0008713073363,0.01395021307,,,117.0300334,107.5300304,-0.4729862883,0.008713073361,107.5286465,117.0282517,-1.459866082E-08,0,1.942550395E-10,0,83.98779876,74.02634319,0.4615104274,-0.006141023634,1.184518751,-1.040473879,,,,,
DS_DL1A1_3,0.17,,,,,117.2000334,117.0300334,-0.5598980077,0.009584380697,117.0282517,117.1982439,-1.288415476E-08,0,1.666935358E-10,0,64.06419984,96.33429777,0.4073094008,-0.005269716243,0.9127017833,-1.307730224,,,,,
DL1A2_3,9.500003037,0.0008713073363,0.01395021307,,,126.7000364,117.2000334,-0.5615273275,0.009584380697,117.1982439,126.6977697,-1.285581686E-08,0,1.666935358E-10,0,63.75470813,96.77973908,0.406413549,-0.005269716243,0.9078376911,-1.312512809,,,,,
DR_01_10,0.15,,,,,126.8500364,126.7000364,-0.6567160885,0.01045568803,126.6977697,126.8477615,-1.140314513E-08,0,1.39132032E-10,0,49.08805035,124.2563988,0.3604899445,-0.004398408851,0.6360207233,-1.57976514,,,,,
SD2A,0.52,,,,,127.3700364,126.8500364,-0.6582844131,0.01045568803,126.8477615,127.3677331,-1.138227533E-08,0,1.39132032E-10,0,48.89788791,124.7309613,0.3598301831,-0.004398408851,0.6317288773,-1.583985032,,,,,
DR_01_11,0.15,,,,,127.5200364,127.3700364,-0.6637212718,0.01045568803,127.3677331,127.5177249,-1.130992667E-08,0,1.391320377E-10,0,48.24862662,126.3859129,0.3575430103,-0.004398409211,0.6168505261,-1.598614121,,,,,
QD1A_0,1.86,,,2.083153068,-0.02547422103,129.3800364,127.5200364,-0.6652895964,0.01045568803,127.5177249,129.3776232,-1.128905686E-08,0,1.391320377E-10,0,48.06421524,126.8661301,0.3568832489,-0.004398409211,0.6125586799,-1.602834014,,,,,
DR_01_12,0.15,,,,,129.5300364,129.3800364,-0.6847368218,0.01045568803,129.3776232,129.527615,-1.129672982E-08,0,-1.474150833E-10,0,48.12697009,126.82107,0.3571258161,0.004660263165,-0.6468290442,1.626676064,,,,,
DL1A0_4,9.500003037,0.0008713073363,0.01395021307,,,139.0300395,129.5300364,-0.6863051464,0.01045568803,129.527615,139.0270543,-1.131884209E-08,0,-1.474150833E-10,0,48.32168192,126.333714,0.3578248556,0.004660263165,-0.6512498123,1.622363601,,,,,
DS_DL1A0_4,0.17,,,,,139.2000395,139.0300394,-0.7897708768,0.01132699537,139.0270543,139.1970434,-1.285020282E-08,0,-1.749765871E-10,0,63.35526055,98.10337881,0.4062360767,0.005531570556,-0.9312318431,1.349248552,,,,,
DL1A1_4,9.500003037,0.0008713073363,0.01395021307,,,148.7000425,139.2000394,-0.7916964248,0.01132699537,139.1970434,148.6963889,-1.287994884E-08,0,-1.749765871E-10,0,63.67273111,97.64546518,0.4071764437,0.005531570556,-0.9362420469,1.344361053,,,,,
DS_DL1A1_4,0.17,,,,,148.8700425,148.7000424,-0.903439046,0.01219830271,148.6963889,148.8663763,-1.46731439E-08,0,-2.025380908E-10,0,84.12116324,74.69722128,0.4638650868,0.006402877948,-1.216224078,1.071241878,,,,,
DL1A2_4,9.500003037,0.0008713073363,0.01395021307,,,158.3700456,148.8700424,-0.905512706,0.01219830271,148.8663763,158.3656209,-1.470757538E-08,0,-2.025380908E-10,0,84.53553116,74.33382992,0.4649535761,0.006402877948,-1.221234282,1.066354346,,,,,
DR_01_13,0.15,,,,,158.5200456,158.3700454,-1.025532133,0.01306961005,158.3656209,158.5156081,-1.676260478E-08,0,-2.300995946E-10,0,110.3988168,56.66774826,0.5299196413,0.007274185339,-1.501216312,0.7932318971,,,,,
QF3A,2.89,,,-1.432473174,0.02721768141,161.4100456,158.5200454,-1.027492519,0.01306961005,158.5156081,161.4053613,-1.679711972E-08,0,-2.300995946E-10,0,110.8498448,56.43042557,0.5310107692,0.007274185339,-1.50563708,0.7889193466,,,,,
DR_01_14,0.15,,,,,161.5600456,161.4100454,-1.065262617,0.01306961005,161.4053613,161.5553485,-1.679711972E-08,0,2.300995919E-10,0,110.8498448,56.43042557,0.5310107692,-0.007274185339,1.50563708,-0.7889193466,,,,,
DL1A0_5,9.500003037,0.0008713073363,0.01395021307,,,171.0600486,161.5600454,-1.067223003,0.01306961005,161.5553485,171.0544849,-1.676260478E-08,0,2.300995919E-10,0,110.3988168,56.66774826,0.5299196413,-0.007274185339,1.501216312,-0.7932318971,,,,,
DS_DL1A0_5,0.17,,,,,171.2300486,171.0600484,-1.195519145,0.01394091739,171.0544849,171.2244684,-1.470757541E-08,0,2.025380881E-10,0,84.53553116,74.33382992,0.4649535761,-0.006402877948,1.221234282,-1.066354346,,,,,
DL1A1_5,9.500003037,0.0008713073363,0.01395021307,,,180.7300516,171.2300484,-1.197889024,0.01394091739,171.2244684,180.7234894,-1.467314393E-08,0,2.025380881E-10,0,84.12116324,74.69722128,0.4638650868,-0.006402877948,1.216224078,-1.071241878,,,,,
DS_DL1A1_5,0.17,,,,,180.9000516,180.7300514,-1.334461784,0.01481222473,180.7234894,180.8934708,-1.287994889E-08,0,1.749765844E-10,0,63.67273111,97.64546518,0.4071764437,-0.005531570556,0.9362420469,-1.344361053,,,,,
DL1A2_5,9.500003037,0.0008713073363,0.01395021307,,,190.4000547,180.9000514,-1.33697977,0.01481222473,180.8934708,190.3923692,-1.285020287E-08,0,1.749765844E-10,0,63.35526055,98.10337881,0.4062360767,-0.005531570556,0.9312318431,-1.349248552,,,,,
DR_01_15,0.15,,,,,190.5500547,190.4000544,-1.481829043,0.01568353207,190.3923692,190.5423508,-1.131884217E-08,0,1.474150806E-10,0,48.32168192,126.333714,0.3578248556,-0.004660263165,0.6512498123,-1.622363601,,,,,
QD1A_1,1.86,,,2.083153068,-0.02547422103,192.4100547,190.5500544,-1.484181476,0.01568353207,190.5423508,192.402122,-1.129672991E-08,0,1.474150806E-10,0,48.12697009,126.82107,0.3571258161,-0.004660263165,0.6468290442,-1.626676064,,,,,
DR_01_16,0.15,,,,,192.5600547,192.4100544,-1.51335165,0.01568353207,192.402122,192.5521036,-1.128905695E-08,0,-1.391320426E-10,0,48.06421524,126.8661301,0.3568832489,0.004398409211,-0.6125586799,1.602834014,,,,,
SD2A_0,0.52,,,,,193.0800547,192.5600544,-1.515704083,0.01568353207,192.5521036,193.0720396,-1.130992676E-08,0,-1.391320426E-10,0,48.24862662,126.3859129,0.3575430103,0.004398409211,-0.6168505261,1.598614121,,,,,
DR_01_17,0.15,,,,,193.2300547,193.0800544,-1.523859185,0.01568353207,193.0720396,193.2220212,-1.138227542E-08,0,-1.391320369E-10,0,48.89788791,124.7309613,0.3598301831,0.004398408851,-0.6317288773,1.583985032,,,,,
DL1A0_6,9.500003037,0.0008713073363,0.01395021307,,,202.7300577,193.2300544,-1.526211618,0.01568353207,193.2220212,202.7207898,-1.140314523E-08,0,-1.391320369E-10,0,49.08805035,124.2563988,0.3604899445,0.004398408851,-0.6360207233,1.57976514,,,,,
DS_DL1A0_6,0.17,,,,,202.9000577,202.7300574,-1.679337295,0.01655483941,202.7207898,202.8907665,-1.2855817E-08,0,-1.666935407E-10,0,63.75470813,96.77973908,0.406413549,0.005269716243,-0.9078376911,1.312512809,,,,,
DL1A1_6,9.500003037,0.0008713073363,0.01395021307,,,212.4000607,202.9000574,-1.682151489,0.01655483941,202.8907665,212.3893981,-1.28841549E-08,0,-1.666935407E-10,0,64.06419984,96.33429777,0.4073094008,0.005269716243,-0.9127017833,1.307730224,,,,,
DS_DL1A1_6,0.17,,,,,212.5700607,212.4000604,-1.843553454,0.01742614675,212.3893981,212.5593723,-1.459866101E-08,0,-1.942550444E-10,0,83.98779876,74.02634319,0.4615104274,0.006141023634,-1.184518751,1.040473879,,,,,
DL1A2_6,9.500003037,0.0008713073363,0.01395021307,,,222.0700638,212.5700604,-1.846515749,0.01742614675,212.5593723,222.0578596,-1.463168437E-08,0,-1.942550444E-10,0,84.39136203,73.67339512,0.4625544014,0.006141023634,-1.189382843,1.035691262,,,,,
DR_01_18,0.15,,,,,222.2200638,222.0700634,-2.016193879,0.01829745409,222.0578596,222.2078345,-1.660802482E-08,0,-2.218165482E-10,0,109.5719021,56.53421464,0.5250328501,0.007012331026,-1.461199811,0.7684317367,,,,,
QF2A_1,2.89,,,-1.409914541,0.0267890565,225.1100638,222.2200634,-2.018938344,0.01829745409,222.2078345,225.0973507,-1.66412973E-08,0,-2.218165482E-10,0,110.0109058,56.30431811,0.5260846998,0.007012331026,-1.465491657,0.7642117594,,,,,
DR_01_19,0.15,,,,,225.2600638,225.1100634,-2.071815036,0.01829745409,225.0973507,225.2473256,-1.663406503E-08,0,2.267892433E-10,0,109.9842983,56.36949463,0.5258560636,-0.007169534646,1.474459572,-0.7873432099,,,,,
SF1A_0,0.3,,,,,225.5600638,225.2600634,-2.074559501,0.01829745409,225.2473256,225.5472754,-1.660004665E-08,0,2.267892433E-10,0,109.5426098,56.60634418,0.5247806333,-0.007169534646,1.47013073,-0.7916538109,,,,,
DR_01_20,0.15,,,,,225.7100638,225.5600634,-2.080048431,0.01829745409,225.5472754,225.6972503,-1.653200988E-08,0,2.267892307E-10,0,108.6631287,57.0839228,0.522629773,-0.007169533854,1.461472882,-0.8002749265,,,,,
DL1A0_7,9.500003037,0.0008713073363,0.01395021307,,,235.2100668,225.7100634,-2.082792896,0.01829745409,225.6972503,235.1955862,-1.649799149E-08,0,2.267892307E-10,0,108.2253362,57.32465187,0.5215543429,-0.007169533854,1.457144041,-0.8045855271,,,,,
DS_DL1A0_7,0.17,,,,,235.3800668,235.2100664,-2.260747062,0.01916876143,235.1955862,235.365555,-1.447441055E-08,0,1.99227727E-10,0,83.14411462,75.20527882,0.457582467,-0.006298226463,1.182984034,-1.077584415,,,,,
DL1A1_7,9.500003037,0.0008713073363,0.01395021307,,,244.8800699,235.3800664,-2.264005552,0.01916876143,235.365555,244.8637322,-1.444054184E-08,0,1.99227727E-10,0,82.74273407,75.57248803,0.4565117685,-0.006298226463,1.178078013,-1.082469737,,,,,
DS_DL1A1_7,0.17,,,,,245.0500699,244.8800694,-2.450235619,0.02004006877,244.8637322,245.0336981,-1.267879524E-08,0,1.716662232E-10,0,62.96376806,98.73288722,0.4008173146,-0.005426919071,0.9039180066,-1.355465315,,,,,
DL1A2_7,9.500003037,0.0008713073363,0.01395021307,,,254.5500729,245.0500694,-2.453642203,0.02004006877,245.0336981,254.5317094,-1.264961198E-08,0,1.716662232E-10,0,62.65726996,99.19457592,0.3998947384,-0.005426919071,0.8990119864,-1.360350604,,,,,
DR_01_21,0.15,,,,,254.7000729,254.5500724,-2.64814803,0.02091137611,254.5317094,254.6816766,-1.114969971E-08,0,1.441047194E-10,0,48.18055948,127.6346758,0.3524777066,-0.00455561168,0.6248519796,-1.633342022,,,,,
QD1A_2,1.86,,,2.083153068,-0.02547422103,256.5600729,254.7000724,-2.651284508,0.02091137611,254.6816766,256.5412699,-1.1128084E-08,0,1.441047194E-10,0,47.99375322,128.1253249,0.3517943649,-0.00455561168,0.6205231382,-1.637652535,,,,,
DR_01_22,0.15,,,,,256.7100729,256.5600724,-2.690176833,0.02091137611,256.5412699,256.6912371,-1.112260587E-08,0,-1.381910097E-10,0,48.0234106,128.1490673,0.3516211832,0.004368660162,-0.6367190094,1.625090097,,,,,
SD1A_0,0.52,,,,,257.2300729,256.7100724,-2.693313311,0.02091137611,256.6912371,257.2111234,-1.114333452E-08,0,-1.381910097E-10,0,48.21508477,127.6621795,0.3522764823,0.004368660162,-0.6411087781,1.62082836,,,,,
DR_01_23,0.15,,,,,257.3800729,257.2300724,-2.704186434,0.02091137611,257.2111234,257.3610906,-1.121519384E-08,0,-1.381910014E-10,0,48.88975115,125.9842006,0.3545481855,0.004368659635,-0.6563265699,1.606054149,,,,,
DR_01_24,0.15,,,,,257.5300729,257.3800724,-2.707322912,0.02091137611,257.3610906,257.5110578,-1.123592249E-08,0,-1.381910014E-10,0,49.08730759,125.5030236,0.3552034845,0.004368659635,-0.6607163383,1.601792412,,,,,
DL1A0_8,9.500003037,0.0008713073363,0.01395021307,,,267.0300759,257.5300724,-2.71045939,0.02091137611,257.5110578,267.0088961,-1.125665114E-08,0,-1.381910014E-10,0,49.28618095,125.0231251,0.3558587834,0.004368659635,-0.6651061067,1.597530675,,,,,
DS_DL1A0_8,0.17,,,,,267.2000759,267.0300754,-2.913240829,0.02178268345,267.0088961,267.1788558,-1.270038308E-08,0,-1.657525052E-10,0,64.56437776,97.23409575,0.4014997703,0.005239967026,-0.9431248261,1.327628267,,,,,
DL1A1_8,9.500003037,0.0008713073363,0.01395021307,,,276.700079,267.2000754,-2.916943592,0.02178268345,267.1788558,276.6765138,-1.2728561E-08,0,-1.657525052E-10,0,64.88588597,96.78352324,0.4023905647,0.005239967026,-0.9480998969,1.322798259,,,,,
DS_DL1A1_8,0.17,,,,,276.870079,276.7000784,-3.12800049,0.02265399079,276.6765138,276.8464702,-1.443412727E-08,0,-1.933140089E-10,0,85.54096583,74.21445199,0.4563089737,0.006111274418,-1.226118616,1.05289179,,,,,
DL1A2_8,9.500003037,0.0008713073363,0.01395021307,,,286.370082,276.8700784,-3.131851339,0.02265399079,276.8464702,286.3439407,-1.446699065E-08,0,-1.933140089E-10,0,85.95869193,73.85728989,0.4573478904,0.006111274418,-1.231093687,1.04806175,,,,,
DR_01_25,0.15,,,,,286.520082,286.3700814,-3.351183535,0.02352529813,286.3439407,286.4938992,-1.643439126E-08,0,-2.208755127E-10,0,111.9906548,56.50824654,0.5195437215,0.006982581809,-1.509112407,0.7781520626,,,,,
QF2A_2,2.89,,,-1.409914541,0.0267890565,289.410082,286.5200814,-3.354712004,0.02352529813,286.4938992,289.3830995,-1.646752259E-08,0,-2.208755127E-10,0,112.444047,56.27544019,0.5205911088,0.006982581809,-1.513502175,0.7738902405,,,,,
DR_01_26,0.15,,,,,289.560082,289.4100814,-3.422693845,0.02352529813,289.3830995,289.533058,-1.646428925E-08,0,2.230986615E-10,0,112.5025875,56.28183936,0.5204888919,-0.007052863186,1.493771416,-0.7761613368,,,,,
SF2A_0,0.3,,,,,289.860082,289.5600814,-3.426222314,0.02352529813,289.533058,289.832975,-1.643082445E-08,0,2.230986615E-10,0,112.0551024,56.51532837,0.5194309623,-0.007052863186,1.489463044,-0.7804320566,,,,,
DR_01_27,0.15,,,,,290.010082,289.8600814,-3.433279252,0.02352529813,289.832975,289.9829335,-1.636389485E-08,0,2.230986527E-10,0,111.1640096,56.98615002,0.5173151034,-0.007052862626,1.480846181,-0.7889734345,,,,,
DL1A0_9,9.500003037,0.0008713073363,0.01395021307,,,299.510085,290.0100814,-3.436807721,0.02352529813,289.9829335,299.4802093,-1.633043006E-08,0,2.230986527E-10,0,110.720402,57.22348266,0.516257174,-0.007052862626,1.47653781,-0.793244154,,,,,
DS_DL1A0_9,0.17,,,,,299.680085,299.5100844,-3.664415048,0.02439660547,299.4802093,299.6501587,-1.434190962E-08,0,1.955371489E-10,0,85.25838249,74.86462845,0.453393675,-0.006181555235,1.203674251,-1.063717262,,,,,
DL1A1_9,9.500003037,0.0008713073363,0.01395021307,,,309.1800881,299.6800844,-3.66856206,0.02439660547,299.6501587,309.1472325,-1.43086683E-08,0,1.955371489E-10,0,84.84996332,75.22711514,0.4523428106,-0.006181555235,1.19879143,-1.068557386,,,,,
DS_DL1A1_9,0.17,,,,,309.3500881,309.1800874,-3.904444346,0.02526791281,309.1472325,309.3171782,-1.258198219E-08,0,1.679756452E-10,0,64.66512606,98.09918495,0.3977567337,-0.005310247843,0.9259278716,-1.339027227,,,,,
DL1A2_9,9.500003037,0.0008713073363,0.01395021307,,,318.8500911,309.3500874,-3.908739434,0.02526791281,309.3171782,318.8140429,-1.255342633E-08,0,1.679756452E-10,0,64.35114066,98.55527703,0.3968539915,-0.005310247843,0.9210450509,-1.343867318,,,,,
DR_01_28,0.15,,,,,319.0000911,318.8500904,-4.152896499,0.02613922015,318.8140429,318.9639917,-1.108857457E-08,0,1.404141414E-10,0,49.44348562,126.6582002,0.3505453367,-0.004438940452,0.6481814921,-1.61433305,,,,,
QD1AM_0,0.93,,,2.083153067,-0.01273711051,319.9300911,319.0000904,-4.156816936,0.02613922015,318.9639917,319.893674,-1.106751244E-08,0,1.404141414E-10,0,49.24967743,127.1431407,0.3498794956,-0.004438940452,0.6438731209,-1.618603682,,,,,
CELL_U$END,0,,,,,319.9300911,319.9300904,-4.181123643,0.02613922015,319.893674,319.893674,-1.100228424E-08,0,7.971680442E-19,0,48.65322865,128.6544141,0.3478174234,-8.955236699E-18,1.192511323E-15,2.089584765E-15,,,,,
CELL_U$END,0,,,,,319.9300911,319.9300904,-4.181123643,0.02613922015,319.893674,319.893674,-1.100228424E-08,0,7.971680442E-19,0,48.65322865,128.6544141,0.3478174234,-8.955236699E-18,1.192511323E-15,2.089584765E-15,,,,,
